id,country_id,city_id,name,slug,type,place_kind,category,tags,description_short,lat,lng,address,website,phone,instagram,google_maps_url,price_level
kll-petronas-twin-towers,my,kll,🏙️ Petronas Twin Towers,kll-petronas-twin-towers,landmark,showplace,landmark,"[""landmark"",""skyscraper"",""modern""]","Знаменитые башни-близнецы — главный символ Куала-Лумпура и современной Малайзии, соединённые небесным мостом.",3.1579,101.712,"KLCC, Kuala Lumpur",https://www.petronastwintowers.com.my,,,,
kll-batu-caves,my,kll,🕳️ Batu Caves,kll-batu-caves,temple,showplace,temple,"[""temple"",""cave"",""religion""]",Храмовый комплекс в известняковых пещерах с гигантской статуей Муругана — одна из главных религиозных святынь страны.,3.2379,101.6831,"Batu Caves, Selangor",—,,,,
kll-klcc-park,my,kll,🌳 KLCC Park,kll-klcc-park,park,showplace,park,"[""park"",""city"",""skyline""]",Городской парк у подножия башен Petronas — зелёный оазис в центре мегаполиса.,3.1569,101.7132,KLCC Park,—,,,,
kll-merdeka-square,my,kll,🏛️ Merdeka Square,kll-merdeka-square,history,showplace,history,"[""history"",""square"",""colonial""]","Историческая площадь, где была провозглашена независимость Малайзии.",3.1478,101.6937,Merdeka Square,—,,,,
kll-bukit-bintang,my,kll,🛍️ Bukit Bintang,kll-bukit-bintang,shopping,showplace,shopping,"[""shopping"",""nightlife"",""city""]","Главный торгово-развлекательный район Куала-Лумпура с моллами, улицами еды и ночной жизнью.",3.1456,101.709,Bukit Bintang,—,,,,
kll-thean-hou-temple,my,kll,🛕 Thean Hou Temple,kll-thean-hou-temple,temple,showplace,temple,"[""temple"",""culture"",""viewpoint"",""chinese""]",Красивый китайский храм на холме с панорамными видами и атмосферой традиционной китайской культуры в сердце Куала-Лумпура.,3.1219,101.6872,"Thean Hou Temple, Kuala Lumpur",—,,,,
kll-jalan-alor-food-street,my,kll,🍢 Jalan Alor Food Street,kll-jalan-alor-food-street,street-food,business,street-food,"[""street-food"",""local"",""night""]","Легендарная улица уличной еды с малайской, китайской и тайской кухней.",3.1459,101.7073,Jalan Alor,—,,,,
kll-atmosphere-360,my,kll,🍽️ Atmosphere 360,kll-atmosphere-360,restaurant,business,restaurant,"[""restaurant"",""view"",""premium""]",Вращающийся ресторан в телебашне KL Tower с панорамным видом на город.,3.1528,101.7038,KL Tower,—,,,,
kll-heli-lounge-bar,my,kll,🍹 Heli Lounge Bar,kll-heli-lounge-bar,rooftop,business,rooftop,"[""rooftop"",""bar"",""skyline""]",Руфтоп-бар на бывшей вертолётной площадке с открытым видом на город.,3.1457,101.7104,Bukit Bintang,—,,,,
kll-madam-kwan-s,my,kll,🍛 Madam Kwan’s,kll-madam-kwan-s,malaysian-food,business,malaysian-food,"[""malaysian-food"",""local"",""restaurant""]",Известный ресторан малайской кухни с классическими блюдами.,3.156,101.7136,KLCC,—,,,,
kll-bijan-bar-restaurant,my,kll,🍽️ Bijan Bar & Restaurant,kll-bijan-bar-restaurant,malaysian-food,business,malaysian-food,"[""malaysian-food"",""restaurant"",""modern"",""dinner""]","Современный ресторан малайской кухни, где традиционные блюда подают в изящной авторской интерпретации.",3.1497,101.7092,Kuala Lumpur (центр),—,,,,
kll-central-market,my,kll,🛍️ Central Market,kll-central-market,market,business,market,"[""market"",""food"",""shopping"",""culture""]","Крытый рынок-центр ремёсел и еды рядом с Pasar Seni: сувениры, локальные сладости и удобная точка перекуса в старом центре.",3.1466,101.6956,"Central Market (Pasar Seni), Kuala Lumpur",—,,,,
lgk-langkawi-sky-bridge,my,lgk,🌉 Langkawi Sky Bridge,lgk-langkawi-sky-bridge,bridge,showplace,bridge,"[""bridge"",""viewpoint"",""landmark""]",Знаменитый изогнутый мост на высоте более 600 метров над уровнем моря с панорамными видами на джунгли и Андаманское море.,6.3854,99.6708,"Oriental Village, Langkawi",—,,,,
lgk-langkawi-cable-car,my,lgk,🚠 Langkawi Cable Car,lgk-langkawi-cable-car,cable-car,showplace,cable-car,"[""cable-car"",""mountain"",""view""]","Одна из самых крутых канатных дорог в мире, ведущая на вершину горы Мат Чинчанг.",6.3859,99.6704,"Pantai Kok, Langkawi",—,,,,
lgk-kilim-karst-geoforest-park,my,lgk,🌿 Kilim Karst Geoforest Park,lgk-kilim-karst-geoforest-park,geopark,showplace,geopark,"[""geopark"",""mangrove"",""nature""]","Геопарк UNESCO с мангровыми лесами, известняковыми скалами и речными маршрутами.",6.4332,99.8066,"Kilim, Langkawi",—,,,,
lgk-pantai-cenang-beach,my,lgk,🏖️ Pantai Cenang Beach,lgk-pantai-cenang-beach,beach,showplace,beach,"[""beach"",""resort"",""sunset""]","Самый популярный пляж Лангкави с кафе, барами и водными развлечениями.",6.2939,99.727,"Pantai Cenang, Langkawi",—,,,,
lgk-eagle-square,my,lgk,🦅 Eagle Square,lgk-eagle-square,landmark,showplace,landmark,"[""landmark"",""square"",""symbol""]",Площадь с гигантской статуей орла — символа Лангкави.,6.3126,99.8519,"Kuah, Langkawi",—,,,,
lgk-telaga-tujuh-waterfalls,my,lgk,💦 Telaga Tujuh Waterfalls,lgk-telaga-tujuh-waterfalls,waterfall,showplace,waterfall,"[""waterfall"",""nature"",""hiking""]",«Семь колодцев» — каскад водопадов и природных бассейнов на склоне горы Мат Чинчанг.,6.3814,99.6719,"Telaga Tujuh, Langkawi",—,,,,
lgk-the-cliff-restaurant-bar,my,lgk,🍽️ The Cliff Restaurant & Bar,lgk-the-cliff-restaurant-bar,restaurant,business,restaurant,"[""restaurant"",""sunset"",""view""]",Ресторан и бар на скале с видом на Pantai Cenang и закаты над морем.,6.2956,99.7263,"Pantai Cenang, Langkawi",—,,,,
lgk-yellow-cafe,my,lgk,☕ Yellow Café,lgk-yellow-cafe,cafe,business,cafe,"[""cafe"",""beach"",""cocktails""]",Неформальное пляжное кафе с коктейлями и живой атмосферой.,6.2932,99.7268,Pantai Cenang,—,,,,
lgk-orkid-ria-seafood-restaurant,my,lgk,🦞 Orkid Ria Seafood Restaurant,lgk-orkid-ria-seafood-restaurant,seafood,business,seafood,"[""seafood"",""restaurant"",""local""]",Известный ресторан морепродуктов в городе Куах.,6.3102,99.8509,"Kuah, Langkawi",—,,,,
lgk-sunset-dinner-cruise-langkawi,my,lgk,🛥️ Sunset Dinner Cruise Langkawi,lgk-sunset-dinner-cruise-langkawi,cruise,business,cruise,"[""cruise"",""sunset"",""romantic""]","Вечерний морской круиз вокруг островов Лангкави с ужином, музыкой и закатом над Андаманским морем.",6.315,99.842,"Kuah Jetty, Langkawi",—,,,,
lgk-wonderland-food-store,my,lgk,🦐 Wonderland Food Store,lgk-wonderland-food-store,seafood,business,seafood,"[""seafood"",""local"",""budget""]","Популярный локальный ресторан морепродуктов рядом с Kuah Jetty, известный демократичными ценами и свежей рыбой.",6.3139,99.847,"Kuah, Langkawi",—,,,,
mkz-red-square,my,mkz,🟥 Red Square,mkz-red-square,unesco,showplace,unesco,"[""unesco"",""colonial"",""landmark"",""heritage""]",Историческая площадь с красными зданиями голландской эпохи — визитная карточка Малакки и символ её колониального прошлого.,2.192,102.2485,"Dutch Square, Melaka",—,,,,
mkz-st-paul-s-hill-church-ruins,my,mkz,⛰️ St. Paul’s Hill & Church Ruins,mkz-st-paul-s-hill-church-ruins,church,showplace,church,"[""church"",""ruins"",""history"",""viewpoint""]",Холм с руинами старейшей протестантской церкви Юго-Восточной Азии и панорамным видом на реку и город.,2.193,102.2487,"St. Paul’s Hill, Melaka",—,,,,
mkz-a-famosa-fortress,my,mkz,🏰 A Famosa Fortress,mkz-a-famosa-fortress,fortress,showplace,fortress,"[""fortress"",""portuguese"",""history"",""unesco""]","Остатки самой старой европейской крепости в Юго-Восточной Азии, построенной португальцами в XVI веке.",2.1933,102.249,"Jalan Gereja, Melaka",—,,,,
mkz-jonker-street,my,mkz,🛍️ Jonker Street,mkz-jonker-street,street,showplace,street,"[""street"",""heritage"",""shopping"",""walking""]","Главная улица старого города с антикварными лавками, кафе и ночным рынком.",2.194,102.2475,"Jalan Hang Jebat, Melaka",—,,,,
mkz-cheng-ho-cultural-museum,my,mkz,🏛️ Cheng Ho Cultural Museum,mkz-cheng-ho-cultural-museum,museum,showplace,museum,"[""museum"",""chinese"",""history"",""culture""]","Музей, посвящённый великому китайскому адмиралу Чжэн Хэ и его влиянию на историю Малакки.",2.1945,102.247,"51 Lorong Hang Jebat, Melaka",—,,,,
mkz-kampung-kling-mosque,my,mkz,🕌 Kampung Kling Mosque,mkz-kampung-kling-mosque,mosque,showplace,mosque,"[""mosque"",""heritage"",""architecture"",""culture""]","Одна из старейших действующих мечетей Малайзии с уникальной смесью индийской, китайской и малайской архитектуры.",2.1928,102.2468,"Jalan Tukang Emas, Melaka",—,,,,
mkz-christ-church-melaka,my,mkz,✝️ Christ Church Melaka,mkz-christ-church-melaka,church,showplace,church,"[""church"",""colonial"",""heritage"",""unesco""]","Самое старое действующее протестантское здание в Юго-Восточной Азии, построенное голландцами в 1753 году.",2.1922,102.2486,"Dutch Square, Melaka",—,,,,
mkz-nancy-s-kitchen,my,mkz,🍽️ Nancy’s Kitchen,mkz-nancy-s-kitchen,peranakan,business,peranakan,"[""peranakan"",""local-food"",""heritage"",""restaurant""]",Уютный ресторан перанаканской кухни в старом доме с садом.,2.1942,102.2472,"128 Jalan Tun Tan Cheng Lock, Melaka",—,,,,
mkz-the-daily-fix-cafe,my,mkz,☕ The Daily Fix Cafe,mkz-the-daily-fix-cafe,cafe,business,cafe,"[""cafe"",""coffee"",""breakfast"",""specialty""]",Стильное кафе с качественным кофе и завтраками в колониальном здании.,2.1938,102.2478,"8 Jalan Hang Lekir, Melaka",—,,,,
mkz-geographer-cafe,my,mkz,🍹 Geographer Cafe,mkz-geographer-cafe,cafe,business,cafe,"[""cafe"",""river-view"",""sunset"",""photo""]",Легендарное кафе на берегу реки с видом на мечеть и историческим центром.,2.1941,102.2474,"128 Jalan Kampung Pantai, Melaka",—,,,,
mkz-riverine-coffee,my,mkz,☕ Riverine Coffee,mkz-riverine-coffee,cafe,business,cafe,"[""cafe"",""coffee"",""river-view"",""modern""]",Кофейня с панорамным видом на реку и исторический интерьер.,2.1935,102.248,"Jalan Merdeka, Melaka",—,,,,
mkz-capitol-satay,my,mkz,🍢 Capitol Satay,mkz-capitol-satay,street-food,business,street-food,"[""street-food"",""satay"",""local"",""budget""]",Легендарная точка с самым вкусным сатэй в Малакке.,2.195,102.249,"Jalan Bendahara, Melaka",—,,,,
mkz-jonker-walk-night-market,my,mkz,🌙 Jonker Walk Night Market,mkz-jonker-walk-night-market,night-market,business,night-market,"[""night-market"",""street-food"",""weekend"",""vibe""]","Вечерний рынок по выходным с уличной едой, сувенирами и живой музыкой.",2.194,102.2475,"Jonker Street, Melaka",—,,,,
png-george-town-unesco-world-heritage-area,my,png,🏙️ George Town UNESCO World Heritage Area,png-george-town-unesco-world-heritage-area,unesco,showplace,unesco,"[""unesco"",""old-town"",""heritage""]","Исторический центр Джорджтауна — объект UNESCO с колониальной архитектурой, храмами и уличным искусством.",5.4141,100.3288,"George Town, Penang",—,,,,
png-penang-hill,my,png,🏔️ Penang Hill,png-penang-hill,viewpoint,showplace,viewpoint,"[""viewpoint"",""hill"",""nature""]",Горная зона с фуникулёром и панорамными видами на остров и материк.,5.4119,100.2773,Penang Hill,—,,,,
png-kek-lok-si-temple,my,png,🛕 Kek Lok Si Temple,png-kek-lok-si-temple,temple,showplace,temple,"[""temple"",""buddhism"",""landmark""]",Крупнейший буддийский храм Малайзии с пагодами и статуей богини Гуань Инь.,5.3961,100.2734,"Air Itam, Penang",—,,,,
png-cheong-fatt-tze-blue-mansion,my,png,🏛️ Cheong Fatt Tze – Blue Mansion,png-cheong-fatt-tze-blue-mansion,mansion,showplace,mansion,"[""mansion"",""museum"",""heritage""]",Знаменитый «Синий особняк» — музей и бутик-отель в китайско-колониальном стиле.,5.4172,100.3356,"Leith St, George Town",—,,,,
png-penang-street-art,my,png,🎨 Penang Street Art,png-penang-street-art,street-art,showplace,street-art,"[""street-art"",""culture"",""city""]","Знаменитая улица с интерактивным стрит-артом, ставшая визитной карточкой Пенанга.",5.4176,100.3365,"Armenian Street, Penang",—,,,,
png-clan-jetties-of-penang,my,png,🏘 Clan Jetties of Penang,png-clan-jetties-of-penang,heritage,showplace,heritage,"[""heritage"",""waterfront"",""culture""]",Деревянные поселения на сваях — уникальное наследие китайских кланов Пенанга.,5.4166,100.3391,"Weld Quay, Penang",—,,,,
png-gurney-drive-hawker-centre,my,png,🍜 Gurney Drive Hawker Centre,png-gurney-drive-hawker-centre,street-food,business,street-food,"[""street-food"",""hawker"",""local""]",Знаменитый фудкорт под открытым небом — сердце уличной кухни Пенанга.,5.4386,100.308,Gurney Drive,—,,,,
png-china-house,my,png,🏯 China House,png-china-house,cafe,business,cafe,"[""cafe"",""art"",""dessert""]","Огромное арт-пространство с кафе, галереями и одной из самых больших коллекций тортов в городе.",5.4185,100.3382,"Beach St, George Town",—,,,,
png-tek-sen-restaurant,my,png,🍽️ Tek Sen Restaurant,png-tek-sen-restaurant,peranakan,business,peranakan,"[""peranakan"",""restaurant"",""heritage""]","Знаменитый семейный ресторан перанаканской кухни, известный традиционными рецептами.",5.417,100.336,"Carnarvon St, George Town",—,,,,
png-the-top-komtar-sky-dining,my,png,🌃 The Top Komtar Sky Dining,png-the-top-komtar-sky-dining,rooftop,business,rooftop,"[""rooftop"",""view"",""dining"",""komtar""]",Ресторан и смотровая зона на вершине Komtar Tower с панорамным видом на Джорджтаун и весь остров Пенанг.,5.4169,100.3315,"Komtar Tower, George Town, Penang",—,,,,
png-jawi-house-cafe-gallery,my,png,🏮 Jawi House Café Gallery,png-jawi-house-cafe-gallery,peranakan,business,peranakan,"[""peranakan"",""malaysian-food"",""cafe"",""heritage""]","Атмосферное кафе и ресторан с кухней в стиле “Jawi Peranakan” — смесь малайских и перанаканских традиций, в историческом здании George Town.",5.4179,100.3339,"George Town, Penang",—,,,,