offer_seed_key,partner_seed_key,offer_title_short,offer_title_full,offer_subtitle,offer_description_short,offer_description_full,offer_badge_key,offer_type,visibility,terms_short,terms_full,redemption_instructions,valid_from,valid_until,day_restrictions,time_restrictions,usage_limit_per_user,stock_limit,is_featured,featured_rank,offer_priority,cta_claim_label,cta_details_label,fine_print,search_keywords,notes
"offer_001,partner_001,-15% на первый кофе,-15% на первый кофе в Siberia Brew Phuket,Welcome offer для новых гостей,Скидка на первый заказ кофе или напитка из основного меню.,Предложение создано как мягкий welcome-сценарий для новых пользователей RF Asia. Хорошо подходит для hero blocks, списка публичных offers и первичного voucher flow.,discount,discount,public,""Скидка на первый заказ, 1 раз на пользователя."",""Действует на один заказ напитка из основного меню. Не суммируется с другими акциями. Только для новых пользователей RF Asia."",Покажи ваучер на кассе перед оплатой.,2026-04-01,2026-06-30,ежедневно,08:00-20:00,1,500,true,1,10,Получить оффер,Подробнее,""Не действует на bottled drinks и retail-товары."",""кофе, скидка, first coffee, bang tao, welcome offer"",Флагманский public offer для первой витрины."
"offer_002,partner_001,Десерт в подарок,Десерт в подарок к двум напиткам,Небольшой бонус для пары или друзей,Подарочный десерт при заказе двух напитков.,Подходит для gift-бейджа и более lifestyle-oriented cards. Полезен для карточек с мягким эмоциональным CTA и визуалом десертов/кофе.,gift,gift,public,""Подарок при покупке двух напитков."",""Один десерт на один ваучер. Не суммируется с другими подарочными предложениями."",Скажи бариста, что используешь ваучер RF Asia, до закрытия заказа.,2026-04-01,2026-07-15,ежедневно,10:00-18:00,1,300,false,,20,Забрать подарок,Условия,""Наличие десерта зависит от ежедневного ассортимента."",""десерт, подарок, coffee shop, two drinks"",Хорош для secondary featured blocks."
"offer_003,partner_002,Детское меню бесплатно,Бесплатное детское меню при заказе основного блюда,Family offer для обеда и раннего ужина,Бесплатное детское меню при заказе взрослого основного блюда.,Используется как family-friendly пример с booking_required partner context. Хорошо подходит для карточек с метками kids friendly и family picks.,gift,gift,public,""Одно детское меню на одно взрослое основное блюдо."",""Только для детей до 10 лет. Не суммируется с другими скидками ресторана."",Покажи ваучер сотруднику зала перед подтверждением заказа.,2026-04-01,2026-08-31,ежедневно,12:00-19:00,1,250,true,2,30,Получить семейный оффер,Подробнее,""Не действует на специальные праздничные меню."",""семья, kids menu, restaurant, family dinner"",Подходит для family surfaces."
"offer_004,partner_003,Day Pass со скидкой,Скидка на дневной pass в Phuket Work Point,Рабочее пространство для digital nomads,-20% на day pass в коворкинг.,Хороший public offer для nomad/work-from-cafe аудитории. Может использоваться в каталоге и на detail page коворкинга с акцентом на Wi-Fi и комфорт работы.,discount,discount,public,""Скидка на один day pass."",""Действует только на дневной pass, не распространяется на переговорные комнаты и месячные тарифы."",Покажи ваучер администратору на стойке перед оплатой.,2026-04-01,2026-07-31,пн-сб,09:00-18:00,1,200,true,3,40,Получить day pass,Подробнее,""Требуется наличие свободных мест в рабочей зоне."",""coworking, day pass, wifi, remote work"",Ключевой offer для coworking блока."
"offer_005,partner_004,Скидка на массаж,-20% на 60-минутный массаж в Lotus Wellness Studio,Восстановление и релакс,Скидка на один массаж 60 минут.,Используется для premium/wellness cards и calm visual tone. Хорошо подходит для richer partner detail и soft CTA-подачи.,discount,discount,public,""Скидка на один 60-минутный сеанс."",""Действует только на базовые массажные программы. Предварительная запись обязательна."",Забронируй сеанс заранее и покажи ваучер перед началом процедуры.,2026-04-01,2026-06-30,ежедневно,10:00-20:00,1,180,false,,50,Записаться со скидкой,Подробнее,""Отмена менее чем за 2 часа может аннулировать бронь."",""massage, spa, wellness, relax, discount"",Полезен для wellness cards."
"offer_006,partner_005,Trial-тренировка,Бесплатная trial-тренировка в Sunset Fit Club,Первый шаг в фитнес-рутину,Одна бесплатная trial-тренировка для нового гостя.,Подходит для dynamic CTA и активного UI. Помогает показать, как RF Asia работает для fitness-friendly сегмента.,access,access,public,""Одна trial-тренировка на нового пользователя."",""Предложение доступно только новым гостям клуба. Требуется спортивная форма."",Покажи ваучер администратору перед началом тренировки.,2026-04-01,2026-07-01,ежедневно,07:00-20:00,1,220,false,,60,Начать trial,Подробнее,""Отдельные премиальные классы могут не входить в предложение."",""fitness, trial, workout, gym, patong"",Хороший access-based offer."
"offer_007,partner_007,Ночной комбо-набор,Ночной комбо-набор по специальной цене в Night Market Bites,Горячее вечернее предложение,Комбо-набор по сниженной цене в вечерние часы.,Используется как hot/limited style offer с более быстрым, импульсным CTA. Хорош для low-price визуального сценария.,hot,discount,public,""Специальная цена на один комбо-набор."",""Действует только в вечерние часы и при наличии позиции в точке продажи."",Покажи ваучер продавцу перед оформлением заказа.,2026-04-01,2026-05-31,ежедневно,18:00-23:00,1,400,false,,70,Забрать комбо,Условия,""Ассортимент может меняться без предварительного уведомления."",""night market, combo, hot deal, phuket town"",Полезен для budget/hot deals."
"offer_008,partner_003,PRO meeting room access,Доступ в переговорную для PRO-пользователей,Закрытый PRO-only формат,Скидка и приоритетный доступ к переговорной комнате.,Этот offer нужен как пример visibility=pro_only и richer auth-aware UX. Он не обязан быть в публичной витрине, но полезен для role-aware фронтенда и badge logic.,pro_only,access,pro_only,""Только для PRO-пользователей RF Asia."",""Доступно только пользователям со статусом PRO. Не отображается в публичном каталоге."",Оформи доступ через PRO flow и покажи подтверждение администратору.,2026-04-01,2026-07-31,пн-сб,10:00-18:00,1,80,false,,80,Открыть PRO-доступ,Подробнее,""Может требоваться подтверждённый PRO статус и доступность комнаты."",""pro only, meeting room, coworking, closed offer"",Нужен для richer visibility states."
"offer_009,partner_004,Private recovery session,Приватная recovery-сессия по приглашению,Invite-only premium сценарий,Индивидуальная wellness-сессия по приглашению.,Используется как invite_only пример для карточки, detail state и permission-aware UX. Не должен вести к публичному claim-path в обычном сценарии discoverability.,invite_only,access,invite_only,""Только по приглашению и предварительному согласованию."",""Ограниченное предложение для приглашённых гостей. Может требоваться предварительная запись и подтверждение."",Используй приглашение или специальный сценарий доступа через RF Asia.,2026-04-01,2026-06-15,ежедневно,11:00-18:00,1,30,false,,90,Запросить доступ,Подробнее,""Без приглашения или специального подтверждения предложение может быть недоступно."",""invite only, premium wellness, private access"",Нужен для restricted state UX."
"offer_010,partner_008,Beauty weekday special,Скидка в будние дни в Blue Harbor Beauty,Мягкий weekday offer,-15% на базовую beauty-услугу в будни.,Хорошо подходит для beauty cards, weekday chips и calmer CTA. Полезен для демонстрации day restrictions в UI.,discount,discount,public,""Скидка в будние дни на одну базовую услугу."",""Действует с понедельника по пятницу на выбранные услуги. Не суммируется с пакетными предложениями."",Покажи ваучер администратору до начала процедуры.,2026-04-01,2026-07-31,пн-пт,10:00-17:00,1,260,false,,100,Получить скидку,Подробнее,""Конкретный список услуг определяется студией."",""beauty, weekday, skincare, surin, discount"",Полезен для weekday restriction UI."
"offer_011,partner_006,Family play hour,Час игровой зоны для семьи по спецусловиям,Спокойный family daytime offer,Сниженная цена на час игровой зоны.,Подходит для richer family_places UI и карточек с family-focused microcopy. Хороший пример мягкого public offer для семейного сценария.,featured,access,public,""Специальная цена на один час игровой зоны."",""Доступно в daytime hours при наличии свободных мест. Один ваучер на одну семью."",Покажи ваучер сотруднику площадки перед началом посещения.,2026-04-01,2026-08-15,ежедневно,10:00-16:00,1,180,true,4,110,Получить семейный оффер,Подробнее,""Предложение может быть ограничено в праздничные дни."",""family, kids, play zone, daytime"",Подходит для family hero block."
"offer_012,partner_002,Dinner set bonus,Бонус к ужин-сету в Andaman Family Eatery,Вечерний семейный формат,Небольшой бонус к вечернему сету.,Используется как secondary restaurant offer для richer partner detail и двух-offer layout внутри одной карточки партнёра.,bundle,bundle,public,""Бонус доступен при заказе вечернего сета."",""Предложение действует только на выбранный set-формат и в вечернее время."",Покажи ваучер официанту до подтверждения заказа.,2026-04-01,2026-07-31,ежедневно,17:00-21:00,1,220,false,,120,Открыть бонус,Условия,""Состав сета может меняться в зависимости от дня."",""restaurant, dinner set, family, evening"",Даёт richer layout для partner_002."
